#{"t_start": 1677042643.593847, "env_id": "gym_cell/cg-v0"}
r,l,t
216.33625,20,1.689808
46,20,1.980602
72,20,2.317322
314.18375,20,2.611891
60,20,2.893866
