#{"t_start": 1677036891.0388153, "env_id": "gym_cell/cg-v0"}
r,l,t
122.0945,20,1.693983
72,20,1.989537
66,20,2.339292
68,20,2.672775
165.38575,20,2.949259
