#{"t_start": 1677042809.7043533, "env_id": "gym_cell/cg-v0"}
r,l,t
50,20,1.630485
175.7185,20,1.946898
60,20,2.313002
66,20,2.66554
32,20,2.932752
