#{"t_start": 1677041088.6011302, "env_id": "gym_cell/cg-v0"}
r,l,t
122.0945,20,1.701614
78,20,2.001187
72,20,2.33286
276.0765,20,2.655175
72,20,2.921189
