#{"t_start": 1677356032.0041797, "env_id": "gym_cell/cg-v0"}
r,l,t
50,20,2.829202
175.7185,20,3.140059
