#{"t_start": 1677349576.9973056, "env_id": "gym_cell/cg-v0"}
r,l,t
216.33625,20,2.864983
46,20,3.154346
