#{"t_start": 1677035532.3598123, "env_id": "gym_cell/cg-v0"}
r,l,t
216.33625,20,1.652098
46,20,1.945281
72,20,2.286539
314.18375,20,2.589108
60,20,2.872436
