#{"t_start": 1677034131.407881, "env_id": "gym_cell/cg-v0"}
r,l,t
50,20,1.64176
175.7185,20,1.961475
60,20,2.332745
66,20,2.688023
32,20,2.948926
